loc,year,orphans,children,orphan_rate
5,2004,10284.37511778614,1881468.8765279555,546.6141505760555
8,2004,3898.8542144362686,752176.6538263947,518.3428912081256
11,2004,11153.143483148862,2262756.2936727447,492.9007827460675
13,2004,3113.060998941726,684007.2954429836,455.1210227846495
15,2004,2165.776577245354,384890.30259494047,562.6996997959242
17,2004,1963.5702003371507,316958.33031371026,619.5042100309219
18,2004,718.2961715206822,162759.62573550193,441.3233123845921
19,2004,2223.5804116677077,483273.63920236565,460.1079453325215
20,2004,1550.2351504999547,394025.2915915861,393.4354427448276
23,2004,2650.854401756598,577253.5178617836,459.2184057319704
25,2004,3621.4295353710154,673044.842314739,538.0666053269464
27,2004,657.7278011432542,179129.789945398,367.17946319467103
41,2004,1815.6101902541793,358747.6947212343,506.0966849320114
44,2004,1004.0444380892328,290494.5952416357,345.63274309942346
47,2004,1952.9617888388507,429944.78949237056,454.2354824545458
50,2004,1572.9797081058189,295833.9142146511,531.7104065913474
52,2004,2589.6834776443784,536442.2955924396,482.7515464239014
54,2004,2364.9964201170096,466523.6691571483,506.94028544998895
63,2004,965.7261830062475,157537.28380379116,613.014366941248
66,2004,1876.090345142657,281459.7651251304,666.5572055418263
68,2004,3334.6602865211835,632225.5048047956,527.4479218535773
70,2004,1358.27973503101,296252.48180775065,458.48720886410956
73,2004,2392.9753792847223,454316.4733926583,526.7199231000617
76,2004,8324.710171552548,1390062.618428287,598.8730335734883
81,2004,530.8457993720616,94179.91258947368,563.6507666831211
85,2004,560.4777371414376,132510.05497245895,422.969968020863
86,2004,445.29979307998485,111035.0353937395,401.044401436821
88,2004,106.72888231925519,21683.26600714482,492.21774194019997
91,2004,116.16289302216698,27836.664358643353,417.3017698009428
94,2004,49.99032381637748,14775.058823529413,338.34263818136174
95,2004,193.36730626042416,32604.454501972978,593.070208393528
97,2004,43.22598665659141,12980.982890855457,332.99471249624906
99,2004,146.44917977752172,36875.916404299205,397.14044844848337
5,2005,9415.377945673872,1874187.732247233,502.3711223626687
8,2005,3557.656670860173,756347.5961099882,470.37323700871764
11,2005,10355.461170610064,2247165.0058196136,460.823354929074
13,2005,2888.8687619936736,686191.6479871576,421.0002803834389
15,2005,2031.7417789354831,380740.0838319806,533.6295980415039
17,2005,1856.4127767967082,309326.5815499243,600.1465401049245
18,2005,696.5549176423857,161802.29756674118,430.49754429789016
19,2005,2083.7457164694792,482483.4834602088,431.87918092564695
20,2005,1461.8933549154353,395782.6736752105,369.36769903047923
23,2005,2465.0242992943486,578845.6780480979,425.85172400467036
25,2005,3392.8739530874354,674760.1251552757,502.8266826387626
27,2005,640.2488145897958,182605.1901716374,350.61917680872165
41,2005,1703.7209308592967,359342.9224930788,474.12118737140605
44,2005,956.5245241571935,295268.11303402914,323.95117587484145
47,2005,1796.9154573916892,434367.4333391192,413.6855849385932
50,2005,1424.228355776797,300730.447369656,473.58967747823164
52,2005,2389.1020405212594,533226.8824809403,448.04606050720923
54,2005,2271.8192712655396,466889.17390945007,486.5864102700619
63,2005,964.7412042158478,155066.92051163808,622.1450719681004
66,2005,1767.1238793090658,278293.9187350292,634.9847267024151
68,2005,3125.453930146905,630857.3640811855,495.42957062869255
70,2005,1262.6892630987863,296795.24862123845,425.4411985921628
73,2005,2236.392274893186,448500.47472138784,498.6376605916529
76,2005,7776.238753763743,1384593.5820828876,561.6260868453329
81,2005,460.99082076427106,93110.49002105262,495.1008427300075
85,2005,490.97277211016257,133482.82732728618,367.8171806372874
86,2005,414.9113786177144,112653.24775617645,368.3084037805434
88,2005,97.6586921641961,21144.50288540808,461.86326863986386
91,2005,110.61711542108641,28162.95024058209,392.7753110953908
94,2005,50.82015977900117,15480.392156862745,328.28728926270554
95,2005,170.5328751943315,32141.322731077365,530.5720508802946
97,2005,43.981348451122855,13846.61238938053,317.63255310630166
99,2005,129.24096478807468,38049.87536640973,339.6619924336679
5,2006,9515.598074978418,1865920.6021919919,509.9680052731054
8,2006,3521.1232187723385,759468.379989149,463.62999586930096
11,2006,10046.209111228576,2231335.7808593377,450.2329589928215
13,2006,2938.0765115496315,688109.5483455238,426.9780180516142
15,2006,1990.8079205730078,377431.4638011731,527.4620988200772
17,2006,1776.793279606506,302807.6141940153,586.7729859884159
18,2006,710.3657150391999,161182.25147100387,440.7220451111469
19,2006,2112.824822633919,481747.3826868863,438.57525719182956
20,2006,1436.7192270567114,397704.5679494723,361.25288539286885
23,2006,2524.7830541436365,580266.3755872298,435.1075920241897
25,2006,3362.148542895379,677497.5859468802,496.25985577445164
27,2006,684.9160759994525,185647.64073614829,368.9333585299311
41,2006,1736.2818912499215,360083.25145422685,482.18901718916374
44,2006,1004.2339921818665,300307.8367858164,334.4015270897175
47,2006,1856.1025929237849,438715.38952708564,423.0767001186294
50,2006,1496.2989968862457,304598.71458069363,491.2361494847508
52,2006,2438.2046459466715,530221.28283831,459.8466196782594
54,2006,2335.6189429373753,467362.9687422517,499.7441173447906
63,2006,899.1883270985326,152741.45030460425,588.6996131733256
66,2006,1644.5151399127926,275381.87930755777,597.1762354327356
68,2006,3157.8082566270273,629461.2399354897,501.66841995714543
70,2006,1298.5783143609215,297288.24580819486,436.80782293651174
73,2006,2218.2852252473863,443739.0226351889,499.907628604281
76,2006,7519.910988229781,1379658.9999633448,545.0557701888345
81,2006,457.02392515175455,92453.47814736843,494.3285361566066
85,2006,497.75876750755936,134331.3094187608,370.54560821398655
86,2006,420.5900497622122,114019.32770923853,368.87610040532934
88,2006,94.49421240117213,20658.276724374828,457.41575476950516
91,2006,111.28942761429781,28510.882056096703,390.34017746392357
94,2006,51.819254518939985,16156.666666666666,320.72986085582824
95,2006,172.46051827276344,31859.69699868468,541.3124873092278
97,2006,54.497020062684385,14687.082005899705,371.0541007450853
99,2006,141.89926847076808,39200.78047986104,361.9807226635889
5,2007,9393.290345399946,1855210.028505121,506.31951105658965
8,2007,3486.3330044882455,762009.2702650797,457.51845030382066
11,2007,10121.414118875577,2210325.434097465,457.91510891283843
13,2007,2992.99783033434,689393.3101280848,434.14953211226555
15,2007,1973.909413770056,374146.61425439897,527.5764469240679
17,2007,1700.796814254497,296170.3515940126,574.2630229868291
18,2007,691.8043387399581,160509.8053906832,431.0044093917479
19,2007,2160.836888170621,480402.7533730484,449.79694079577035
20,2007,1487.710650054639,399775.3429834884,372.1366702988695
23,2007,2587.422474249643,581302.4853633995,445.10776048585507
25,2007,3372.3306134793743,680723.3899900707,495.4039574765551
27,2007,699.6228584151553,188645.3838238813,370.8666728194742
41,2007,1835.6985146262746,360622.7587279533,509.0356806934333
44,2007,1051.4123180818,305297.33346296824,344.3896172153543
47,2007,1936.3395069158275,442916.5018856611,437.17935517690273
50,2007,1508.60034028639,308031.4021305552,489.75537229382513
52,2007,2500.6778284674983,526437.0323935832,475.01936121353674
54,2007,2255.3644216723783,467384.8351323206,482.5497645925687
63,2007,926.9242522523386,150105.7788403194,617.5140353779376
66,2007,1679.7221399772966,271977.0985907214,617.5969038132099
68,2007,3133.3279038663372,627535.7475823875,499.3066794899952
70,2007,1329.1493597056424,297641.77806566237,446.56007914736364
73,2007,2213.936768721734,438608.3724092113,504.7639096720623
76,2007,7390.640114966225,1373025.031180334,538.2742446153943
81,2007,487.7868912208379,91809.55494736842,531.3029689561953
85,2007,529.6635232102019,135076.26346222355,392.1218352018833
86,2007,457.671984548713,115240.08004820652,397.1465347449103
88,2007,94.14123967461444,20179.721077219016,466.51407774357665
91,2007,116.99156217148641,28886.265227086024,405.0075745402558
94,2007,56.884222504924416,16861.098039215685,337.3696207247156
95,2007,160.04091041285494,31609.62035154849,506.3044371711819
97,2007,49.365082925595715,15539.98820058997,317.66486749147975
99,2007,158.66491467536162,40346.57789599392,393.2549498606069
5,2008,9396.292614320471,1842422.1374788885,509.9967278496804
8,2008,3365.2699360541183,763970.3458423158,440.4974557413925
11,2008,9933.444858630375,2184265.2523937975,454.7728279678502
13,2008,2833.9709189866962,690111.6869778536,410.65395246344247
15,2008,1905.743638784412,370884.495467741,513.8375052267913
17,2008,1632.3577589774209,289478.12092786405,563.896764890288
18,2008,629.1747112140615,159770.25673835402,393.79964960838896
19,2008,2021.5269059670711,478460.1818471805,422.50682139579675
20,2008,1445.280380170526,401963.7873993307,359.55487172647054
23,2008,2434.5993969998167,581981.3783659517,418.3294324357115
25,2008,3298.8495883719893,684603.8078778235,481.86258247642
27,2008,670.5340725565834,191636.3664861102,349.899178768443
41,2008,1692.2698248280465,360990.52934894187,468.7851029998239
44,2008,985.972378194969,310447.1810237346,317.5974653542074
47,2008,1803.2901903881911,446943.19232954097,403.4719000840236
50,2008,1475.2581129431287,311054.49861560843,474.2764112105664
52,2008,2349.7590434676245,521940.0561229352,450.1971090170887
54,2008,2204.9794505545906,466962.55002727406,472.19620726026176
63,2008,853.6744373264846,147192.12883182446,579.9728858476237
66,2008,1610.1327780799854,268121.1779599994,600.5242817186931
68,2008,3069.263172258357,625095.4683443386,491.0071065445046
70,2008,1248.2313029331701,297862.33726912685,419.06315325974185
73,2008,2066.8602650199973,433148.77400368673,477.1709835204117
76,2008,6881.345481308423,1364745.0096370126,504.2220658596645
81,2008,465.94941901843544,91192.92067368422,510.94911269016484
85,2008,522.0493857810367,135724.3991943219,384.6393050033681
86,2008,417.86274149401345,116328.58120579747,359.20900707520053
88,2008,90.18671215970024,19707.391591096457,457.62886347904816
91,2008,107.8349862396664,29295.909165590892,368.08888787217603
94,2008,48.52833803985639,17549.41176470588,276.5240151094586
95,2008,151.07654640645345,31397.768384551,481.1696951073419
97,2008,50.91897376326369,16396.68377581121,310.54434213325874
99,2008,146.08772038431357,41475.85821300619,352.22350224570573
5,2009,10280.444571750275,1828016.6277445029,562.3824431200494
8,2009,3515.758891125962,765373.9528080393,459.3517819919509
11,2009,10019.448024848214,2153223.806011081,465.3231121111175
13,2009,3140.9509634043266,690307.6121731462,455.00743552810457
15,2009,1974.200335950263,367692.21778541384,536.9165406438957
17,2009,1612.807704161793,282913.9952963563,570.0699615345485
18,2009,666.6297207132747,158971.89781340733,419.33809049428896
19,2009,2240.1937683727333,476071.3949117619,470.5583642108858
20,2009,1612.9910659644609,404205.01231015334,399.052712569231
23,2009,2759.397085704177,582330.0907982328,473.85445631389496
25,2009,3424.999002259954,689392.4167701837,496.8141393701628
27,2009,799.959554166199,194574.26406926406,411.13328013484426
41,2009,1845.9266144369226,361251.33819976565,510.9812530067799
44,2009,1181.0156241631214,315756.98750929366,374.02675819750806
47,2009,2039.2081828138382,450681.3209095356,452.472309857094
50,2009,1504.670036363523,313677.3390116852,479.68719739345613
52,2009,2596.9580979880843,516949.2810594028,502.362261277556
54,2009,2382.417246342626,466065.03281154437,511.1769986198403
63,2009,889.6157110275715,144190.58869930342,616.9721054976656
66,2009,1583.4890575192499,264134.35899131506,599.5013536165192
68,2009,3161.4298936398673,622185.3171225999,508.1170845143741
70,2009,1416.4364270147976,297966.3535181552,475.3679099303048
73,2009,2162.2032596476624,427437.2327335336,505.8528116093223
76,2009,7164.904998077418,1355798.5837457054,528.4638208046154
81,2009,483.4958683465477,90586.50871578947,533.7393781931603
85,2009,550.9948639258681,136288.38798607877,404.28599388977267
86,2009,470.3661530467406,117297.87869081221,401.001414771181
88,2009,91.45696370320437,19239.217917010166,475.3673673104123
91,2009,128.0346866633761,29752.391620701794,430.33409984523473
94,2009,60.38473431645236,18232.254901960783,331.19729096129686
95,2009,187.15600680837005,31221.277053688867,599.4501970131844
97,2009,64.3765690626413,17251.001179941002,373.1758429041013
99,2009,171.02061294170275,42576.03083270003,401.68284736009804
5,2010,9830.42458060257,1812040.757254153,542.505710274362
8,2010,3438.8142214404106,766103.7704835387,448.870551736085
11,2010,9935.144259621125,2116858.1565141343,469.3344345745628
13,2010,3041.4639341721336,689916.051674825,440.84550965131814
15,2010,1926.661511527972,364656.8871378636,528.3491357177002
17,2010,1569.4877023768083,276531.230907361,567.5625488039694
18,2010,684.2859518381953,158093.70808602482,432.8356644439317
19,2010,2151.73109275715,473414.90114058607,454.5127514096072
20,2010,1550.0999129957852,406383.67489795166,381.4375450453407
23,2010,2677.5504649388836,582393.6027227475,459.74929196012306
25,2010,3491.2916230904875,695337.3802975476,502.10037918520936
27,2010,759.0344104699127,197452.91250625422,384.41287131982455
41,2010,1741.0804627889195,361471.0765115146,481.6652219014977
44,2010,1132.5654581277083,321053.99792965397,352.76478892372
47,2010,1947.6701839532514,454003.2689867925,428.9991541910927
50,2010,1570.0416605867865,315962.19142146513,496.9080805280567
52,2010,2504.8021813451874,511725.6109196315,489.48149709446074
54,2010,2289.7399470555083,464600.01672810223,492.84112453993566
63,2010,849.9993193051038,141227.56095725833,601.8650421657787
66,2010,1516.150558601963,260183.01689958706,582.7246438560185
68,2010,3113.25124483205,618791.9520494173,503.1176043128988
70,2010,1358.930370651911,297951.2425139727,456.0915266490902
73,2010,2124.087599223867,421566.7818169909,503.8555433776964
76,2010,6839.569726871279,1346707.1050940875,507.8735904043095
81,2010,462.5888318534768,89982.53035789474,514.0873789763248
85,2010,552.2240344539621,136793.2229590858,403.6925386421589
86,2010,472.46409396694287,118164.52424598014,399.8358195759551
88,2010,89.72813651064908,18786.01483924155,477.632628731979
91,2010,118.96205072796616,30220.97335993428,393.64069883229223
94,2010,62.18569817536453,18909.607843137255,328.85768277808677
95,2010,156.45568777888872,31116.89333971063,502.7998331029523
97,2010,57.55641139986625,18109.402359882006,317.82612289498695
99,2010,159.91739314809197,43603.41797850396,366.7542604731804
5,2011,9176.986498569298,1794454.7987230765,511.4080613844154
8,2011,3277.2340911072015,766021.8798571134,427.82512840475346
11,2011,9647.217576735273,2075096.9207675988,464.90443314650923
13,2011,2859.245927149716,688961.888793425,415.0078507473174
15,2011,1848.265491486197,361723.09861366195,510.96142285904597
17,2011,1497.2055144942688,270385.8291813516,553.7292834566682
18,2011,631.8626383869757,157115.31832780904,402.16488443771146
19,2011,2034.4978695490697,470438.59811367927,432.4683131245627
20,2011,1476.3533923068303,408434.7968410988,361.46611496502936
23,2011,2497.51742211271,582191.2567152443,428.98573163118994
25,2011,3424.904678407862,702346.922098371,487.63717340362575
27,2011,741.6332202864152,200254.07309273642,370.34613520343703
41,2011,1650.4761099173945,361656.4496230934,456.36573373362125
44,2011,1062.8935117056094,326155.621309694,325.88538791314033
47,2011,1879.0884620219017,456791.8458807379,411.3664635144354
50,2011,1514.591240788911,317864.9633957483,476.48889157475793
52,2011,2347.215129704262,506244.4486658196,463.652517255295
54,2011,2150.1427062026564,462437.2923120155,464.95876131718046
63,2011,833.3916813128176,138266.38411689037,602.7435277458825
66,2011,1386.243082847358,256190.01861893636,541.0995675476693
68,2011,2931.0034206005894,614848.536506101,476.7033255468285
70,2011,1262.667041904652,297779.1398748936,424.02803716712265
73,2011,1999.2394695191745,415509.39202200825,481.1538578683393
76,2011,6713.469837240586,1337074.1597104897,502.1015318024111
81,2011,417.01986214192596,89353.64109473684,466.7071839856893
85,2011,541.9466666225079,137190.68732016115,395.0316724908375
86,2011,462.19402447451404,118868.99153214297,388.82640335140195
88,2011,85.09443934322185,18354.15636163781,463.62490144781873
91,2011,112.2062919232489,30700.811876540312,365.4831421868361
94,2011,52.021433871693134,19541.745098039217,266.2066955162202
95,2011,132.50604314444865,31024.963171110845,427.09492486306243
97,2011,57.573898226182216,18926.0802359882,304.2040269738721
99,2011,147.98762343866542,44572.56323960482,332.01506191856487
5,2012,8832.55889751116,1775592.7069895817,497.44284614044574
8,2012,3309.626130475405,765269.7495402757,432.4783688971912
11,2012,9314.934466744824,2028776.1494384632,459.1405744454886
13,2012,2863.0597501822535,687475.0100839956,416.46019247047906
15,2012,1803.1972533456978,358795.35019847145,502.56985001289456
17,2012,1443.1982138654173,264421.6417860445,545.7942867752005
18,2012,634.1329450925414,156030.04136796936,406.41721269370845
19,2012,2004.5914981644958,467027.04185597406,429.22386039964886
20,2012,1472.0287262733132,410473.4513018056,358.6172800225723
23,2012,2469.267495352595,581750.8004851101,424.4545075474796
25,2012,3402.493707980873,710368.0787034536,478.9761547550139
27,2012,752.7527653485893,202928.31788814202,370.94515599519286
41,2012,1639.5935956797969,361777.2950447415,453.2052226984079
44,2012,1078.6812090051133,330962.9386445525,325.92205442180796
47,2012,1923.153665048243,459047.7939579947,418.9441035031358
50,2012,1478.2858362451611,319411.0567835187,462.8161126078586
52,2012,2329.732937054123,500452.4451000636,465.52533809447203
54,2012,2160.174677386005,459752.7880060168,469.8556993541787
63,2012,790.2668120854985,135242.10701196574,584.3348861871683
66,2012,1376.7289767629834,251996.02263075137,546.3296453612279
68,2012,2893.068484364117,610472.0249033868,473.9068075759857
70,2012,1287.4786052942334,297463.4259910427,432.8191275968839
73,2012,1957.0852199646838,409235.6019612797,478.2294625846985
76,2012,6363.568627631226,1326152.5456408514,479.8519332145224
81,2012,408.86251763670896,88751.8854736842,460.68037366703686
85,2012,527.4011650888979,137482.53640623717,383.61320562963607
86,2012,455.08713150063755,119330.46046747646,381.3671125694446
88,2012,81.32756554884187,17968.623797746633,452.6087610506978
91,2012,111.74088877343624,31154.553104095765,358.6663188525921
94,2012,53.35244523204043,20133.774509803923,264.9897822490315
95,2012,139.35130064481544,30987.338514887004,449.7039995153762
97,2012,53.577491471135524,19697.253097345132,272.0048892419263
99,2012,149.92897877636335,45458.75550971664,329.81320560857984
5,2013,8505.750647274157,1756385.4123985542,484.27586492298053
8,2013,3351.27351768087,764073.9673943834,438.60590213657696
11,2013,8770.80980467798,1979678.0738230757,443.042225938288
13,2013,3062.946940820386,685638.7594198311,446.72896605381067
15,2013,1786.135282867111,355895.3381124474,501.8709411424687
17,2013,1400.9218360679918,258752.33941278158,541.4141720408309
18,2013,671.1024541312538,154820.44646573655,433.4714628792755
19,2013,2139.3441936352656,463227.25421361637,461.8346986657894
20,2013,1595.6558736609463,412591.1152410547,386.7402410564975
23,2013,2708.2903956571095,581152.0869200168,466.02093610477704
25,2013,3422.5010843147547,719666.0672244818,475.5679391018433
27,2013,842.4108254691367,205453.62346363853,410.0248081622312
41,2013,1718.3640808261512,361911.225169271,474.8026480865433
44,2013,1257.4116381556532,335458.3129653989,374.8339479324067
47,2013,2066.890235741158,460860.6081296451,448.48489961626734
50,2013,1509.3517908519461,320652.98869022477,470.7119047969003
52,2013,2477.3275776060905,494371.25102445995,501.1067234335437
54,2013,2220.007112246511,456817.6439823462,485.97227832388705
63,2013,765.275113503167,132234.64122230044,578.7251407266712
66,2013,1315.351731454814,247705.7696512807,531.0137641551755
68,2013,2981.6483663658996,605895.0249033868,492.10642831096675
70,2013,1411.0553291477954,297034.9689454788,475.04687214346023
73,2013,1947.0164924777087,402780.3691154591,483.39408813630297
76,2013,6265.198331765044,1314109.8640088239,476.76366362949506
81,2013,464.0062536655274,88242.48538947369,525.8308983677811
85,2013,551.3706786677436,137676.57441560933,400.4825664846227
86,2013,496.92444989909706,119564.35038533507,415.6125536563333
88,2013,79.1290553210097,17610.720802418247,449.3232060674311
91,2013,130.64006170727538,31611.646403004343,413.265604840055
94,2013,66.89347489783347,20654.235294117647,323.87291974389785
95,2013,146.76580253586016,30957.639842161905,474.08589053993876
97,2013,64.17449641557664,20398.84483775811,314.598679121232
99,2013,188.51384274898953,46234.075127564865,407.7378907847929
5,2014,7960.588516247547,1737567.3379133553,458.1456121181132
8,2014,3175.0815114803695,762476.4533241788,416.4169919789554
11,2014,8418.924423671198,1928584.4425731546,436.53387623714866
13,2014,2789.2211321126533,683509.65570842335,408.0734059596811
15,2014,1646.545260424264,353071.81998341135,466.34853512286105
17,2014,1334.9013739405268,253566.4437103842,526.4503277354831
18,2014,603.1247804897624,153549.66694930498,392.7880746813254
19,2014,1929.3650389810896,459287.67540282605,420.0776860143062
20,2014,1453.8118831902793,414750.88622071856,350.52652845125016
23,2014,2412.7108063070505,580517.290173187,415.6139441750755
25,2014,3314.278269289852,730591.2335428603,453.64331203618514
27,2014,773.9752385376418,207818.1504057082,372.4290862115106
41,2014,1561.23984021841,362136.12397996744,431.11960857701524
44,2014,1109.4949636878978,339573.2782613669,326.73211784171315
47,2014,1883.1842953137755,462134.5287740836,407.49699017499256
50,2014,1410.671116997107,321653.35510817025,438.5687556477395
52,2014,2231.1745164433155,488360.67990787805,456.87022076883693
54,2014,2044.4030209540133,453561.2852868737,450.7446043726914
63,2014,741.2185926138808,129426.16951044877,572.6960748490985
66,2014,1244.514678709061,243691.58406442415,510.6925146746355
68,2014,2790.111047740683,601150.8610595502,464.12826271645207
70,2014,1251.317786059361,296512.03627345746,422.0124760484719
73,2014,1789.5948958293063,396244.49268730875,451.63905842384594
76,2014,5720.706221406434,1302005.1100758766,439.37663355814715
81,2014,426.789092662329,87801.22997894736,486.08555115305654
85,2014,510.84985708492417,137816.55668521006,370.67379230186975
86,2014,464.2790479105228,119653.2894611652,388.0202959745705
88,2014,75.81885808799662,17299.239901071724,438.2785516680388
91,2014,115.97152890033598,32048.317451003404,361.864641030336
94,2014,57.987571897807776,21166.91176470588,273.9538603571702
95,2014,118.00669673930474,30962.592610307307,381.1266654072787
97,2014,53.890132924989004,21018.182890855456,256.39767816672395
99,2014,155.7576563340687,46926.89132558897,331.9155646884603
5,2015,8522.77825002003,1720130.7524240685,495.4726981079451
8,2015,3495.863170911947,760991.0345837515,459.3829640613469
11,2015,8802.713580514972,1876969.430205126,468.9854527653634
13,2015,3048.917409025199,681416.1954395921,447.43835403828274
15,2015,1748.7362524430446,350431.80425380653,499.0232710660277
17,2015,1377.8861767817543,248991.69776074402,553.3863936723562
18,2015,650.6192054978623,152193.09769007427,427.49586898006504
19,2015,2128.574110759512,455424.91829679377,467.3820041995049
20,2015,1613.4140379619662,417104.12061008345,386.8132579467406
23,2015,2655.8788439148034,580021.731510172,457.89298911263745
25,2015,3624.0682065472006,743696.0152222051,487.30504565960115
27,2015,849.3737072604093,210066.46642302422,404.33569513659137
41,2015,1733.0293793609453,362550.6816565225,478.0102388561506
44,2015,1250.1685864336687,343464.4625336002,363.9877550101324
47,2015,1990.596683492178,463100.4889385069,429.84119668172076
50,2015,1531.1888517681773,322548.0010324276,474.7165838470778
52,2015,2431.380120192401,482700.79305908515,503.7033614102199
54,2015,2122.795609515315,450442.42251681903,471.2690242749176
63,2015,770.5135637264088,126993.2893619087,606.7356531970596
66,2015,1321.1856787017791,240161.4481623536,550.123964029661
68,2015,2968.2151469173905,596524.7043057542,497.5846139300887
70,2015,1392.4736601762177,295973.5188214828,470.4723806781146
73,2015,1885.207771348204,389739.1296259907,483.7101609882808
76,2015,5956.710422025286,1290676.625659379,461.51842402678756
81,2015,404.1139903927632,87542.97456842105,461.61784241968996
85,2015,557.4507267318562,137989.26280452716,403.9812340482823
86,2015,486.50105366789103,119675.29980019663,406.5175140401793
88,2015,77.20182095739032,17042.947787853805,452.983966848802
91,2015,144.26179633793285,32461.566248092946,444.4079969382499
94,2015,64.24139189654397,21622.303921568626,297.10706190038366
95,2015,123.27590534165279,31029.103910080114,397.2912195559904
97,2015,61.5902383889186,21588.97286135693,285.28563533081154
99,2015,185.1135127513924,47522.13060471176,389.5311729416412
5,2016,8282.475898994937,1706403.949649177,485.37603893250173
8,2016,3310.8323926302587,761614.2984390979,434.71247840484284
11,2016,8390.63575976968,1829616.4167016072,458.60081289039465
13,2016,2946.752715637181,680442.1868252371,433.0643767674001
15,2016,1671.6637244727262,348211.3346762249,480.07159962988527
17,2016,1316.1139750609705,245234.43584417674,536.6758426607087
18,2016,650.0155941841763,150777.68740204014,431.1086112170872
19,2016,2048.29790120353,451857.15367306647,453.30651170470145
20,2016,1572.6962557246677,420533.6598665097,373.97630815661455
23,2016,2558.1016209213694,579994.2005744025,441.0564137344702
25,2016,3605.078790104553,760244.6763287232,474.19980729279695
27,2016,841.6698569915769,212117.24599186407,396.7946373506376
41,2016,1702.9892426950237,363239.9370923758,468.8331509819459
44,2016,1239.4283650843013,348095.60775521875,356.0597541224561
47,2016,1924.405749036655,464632.2644659397,414.1782429269341
50,2016,1484.8055611045993,323419.52245530055,459.0958362168173
52,2016,2333.9272686926747,477530.66193614993,488.7491955447965
54,2016,2098.2713971106605,449442.73230077524,466.86068019594967
63,2016,782.2346788588753,125083.32079318463,625.3708918971207
66,2016,1257.0382343342278,237390.13693074108,529.5242045801467
68,2016,2805.91158642795,593131.9503879743,473.0670105686554
70,2016,1349.8226249727722,295812.87966835697,456.309619272187
73,2016,1831.482121430852,383353.72670278564,477.75252824157394
76,2016,5636.671578184903,1280975.6177451657,440.02957590300133
81,2016,398.371406032588,87888.8188631579,453.2674476520714
85,2016,547.4939066671211,138310.12635992435,395.8451351872661
86,2016,472.8658865735211,119712.18784688084,395.002292647383
88,2016,73.49185271340869,16825.796372629844,436.78082799668425
91,2016,117.81214756383828,32863.45698861636,358.48981926839735
94,2016,65.75543225886382,22050.71568627451,298.2008983036925
95,2016,123.00314079127699,31151.908645223008,394.849452700032
97,2016,61.29247210575218,22049.653687315633,277.9747608508315
99,2016,177.40033020671044,48045.90663337314,369.23089319639666
5,2017,8177.84548627233,1697307.241895367,481.8129142688514
8,2017,3306.2543510161163,764739.0697628639,432.3375752256707
11,2017,8189.684487039626,1788470.0432674054,457.91566472523436
13,2017,2976.0290111454156,680770.8805295228,437.1557445040211
15,2017,1614.3576899115085,346383.94416138396,466.0601962426302
17,2017,1262.7753079518022,242269.54724414725,521.2274189290657
18,2017,614.2592836209126,149300.1232559932,411.42583825446036
19,2017,2023.089906117138,448636.1120929711,450.9422785158882
20,2017,1581.8893717248332,425167.6354300739,372.0625089735933
23,2017,2509.3232752677504,580472.5019024581,432.289775492141
25,2017,3640.3982832406814,780693.2539499212,466.3032842697268
27,2017,808.2771473657864,213863.67573799734,377.9403606417016
41,2017,1628.2623806895378,364121.3708408075,447.1757252065845
44,2017,1252.077566887607,353710.3390334573,353.98387570717114
47,2017,1900.4928848420511,466903.87364492763,407.04157581852564
50,2017,1370.5422411985726,324293.6121357173,422.62387845771036
52,2017,2282.0861496019984,472875.1684482211,482.59800934163076
54,2017,2093.3781682323706,451120.9207068119,464.0392569141963
63,2017,695.6661322221178,123735.07179437393,562.2222722577745
66,2017,1191.2924394863262,235327.9342091728,506.2265317076374
68,2017,2725.9766836868725,591354.5549158629,460.97162202034974
70,2017,1334.5345334515196,296079.8433948995,450.73467958829286
73,2017,1747.0891251858488,377084.9939365017,463.31441273954425
76,2017,5288.061376806624,1272566.9713355526,415.54287482857035
81,2017,390.4132530981779,88949.94021052631,438.91345196427295
85,2017,534.4326310850452,138839.41300594667,384.92861609992167
86,2017,547.6715935987618,119822.95360121784,457.067345728653
88,2017,72.96240905400515,16652.111569112392,438.1570994836558
91,2017,116.21573868456039,33213.734890271095,349.902650420089
94,2017,63.95175833189861,22468.166666666668,284.6327396474951
95,2017,128.64742729272464,31360.66088724142,410.21912055770093
97,2017,57.68441558109058,22416.535103244838,257.3297582137957
99,2017,179.34449097107705,48575.83052871567,369.2051973564452
5,2018,8468.31820659354,1698411.0456832123,498.60239828969236
8,2018,3415.4314464421223,775865.3386787787,440.2093090352846
11,2018,8047.11786261038,1758545.1970624807,457.60085530087565
13,2018,3167.433474664312,684769.2400940569,462.5548709269194
15,2018,1619.6546517453764,345501.20015996206,468.78408844759434
17,2018,1280.1991432401496,240921.07099687765,531.3769932795713
18,2018,638.0672695770687,147381.4821809399,432.93584793353824
19,2018,2163.774944080106,446204.08766046225,484.9294311545223
20,2018,1760.338909467796,434120.59877542016,405.49536567336594
23,2018,2698.0131616359845,582213.6966795274,463.4059928550726
25,2018,3763.4627759231435,813659.6232130319,462.5352750160734
27,2018,909.9300734718859,214837.48482673106,423.54343991960025
41,2018,1688.877149258179,365605.30129713926,461.94000559241726
44,2018,1527.9274123727869,363003.9482413497,420.9120643935578
47,2018,2141.912537019989,472376.48473324603,453.4333537431569
50,2018,1434.9290023769406,325178.4756206298,441.27428780095636
52,2018,2406.9994534133452,469137.84119282087,513.0687064793909
54,2018,2270.7638170261544,460812.7026298825,492.7737026489906
63,2018,711.9193049224352,123453.60932987064,576.6694945468722
66,2018,1197.8142430492312,234415.3231494952,510.9794986760918
68,2018,2826.809021851894,594032.523232815,475.86771957669447
70,2018,1445.0978978098517,298071.1526816449,484.816422122301
73,2018,1760.2222028406607,371090.31564812997,474.33795187199485
76,2018,5446.96580137146,1270418.5971782082,428.7536260465641
81,2018,427.03027043977994,92085.50408421052,463.7323481981143
85,2018,561.3671942866279,139925.96530651394,401.188723663209
86,2018,519.4995173179843,120109.86705147315,432.52026671160377
88,2018,70.98859063730623,16468.730420445176,431.05077820192594
91,2018,130.84731000599604,33509.10609083441,390.4828426377692
94,2018,81.74995605947673,22964.382352941175,355.98586891237056
95,2018,141.5155132925646,31844.212603132848,444.39947395226926
97,2018,66.49218857204505,22571.317404129793,294.58709645312604
99,2018,211.4665042227068,49044.02963847574,431.1768543113519
5,2019,8352.749140960123,1706906.6432557337,489.3500868347543
8,2019,3470.2027379231345,798420.109056689,434.63368451767604
11,2019,8238.947368244182,1767862.874548998,466.0399563142606
13,2019,3108.3554443562093,697282.4138281877,445.78141979673046
15,2019,1587.1201125611676,346406.09058593516,458.1674963845477
17,2019,1244.6853082554471,241240.48971496723,515.9520732718125
18,2019,651.6629935800069,147124.09769007427,442.9342329444725
19,2019,2133.4659428578616,443507.4884087833,481.04395046683726
20,2019,1739.8605935780079,447037.6962453573,389.1977361620714
23,2019,2607.948714078434,584723.2069914506,446.0142308182007
25,2019,3887.7322643058224,852387.4044893873,456.09921543065536
27,2019,911.5166726206774,214017.36768256867,425.9078048154681
41,2019,1642.688372013017,365501.3860000207,449.4342388110462
44,2019,1558.196185897752,374900.26239633973,415.6295266207222
47,2019,2075.2562160449256,482249.8583860635,430.3280094244396
50,2019,1400.637456800056,324709.51321038057,431.35091514629494
52,2019,2307.0892416341244,462800.1090533672,498.50663310195665
54,2019,2306.0070275186104,479590.51964560227,480.828317712088
63,2019,675.6250489529157,124112.87235746706,544.3633977038222
66,2019,1171.6947285060862,233488.34601537127,501.82150351476207
68,2019,2812.029051291386,602659.1930621063,466.60352711181423
70,2019,1419.8497417953715,302353.4229559166,469.5993608785394
73,2019,1717.3531650814004,366399.86722997314,468.7100948111134
76,2019,5404.337400215607,1262836.3815450543,427.95230476362354
81,2019,468.796191038895,97581.89827368422,480.4130677229503
85,2019,571.3812924543023,141161.968567592,404.7699945334144
86,2019,493.395324937854,120176.96723859059,410.5573108350313
88,2019,69.92206903160944,16716.871118439132,418.27246579943795
91,2019,132.61074907824846,33634.38000234714,394.2714242658683
94,2019,73.66450822066659,23005.460784313727,320.20444585441527
95,2019,151.75930373604592,32163.437283271553,471.83795189383284
97,2019,66.46343121263635,23020.325663716816,288.71629438931797
99,2019,199.2168879165377,49369.517641949846,403.52204646062984
5,2020,9941.591152123237,1691224.6307131597,587.8338673397302
8,2020,4529.144583436646,798351.7342865511,567.3119239208676
11,2020,9603.84846323904,1745415.6470334185,550.2327471145421
13,2020,4233.660405083574,693604.533762167,610.3853419353906
15,2020,1965.297455300813,345985.37881391076,568.0290485216874
17,2020,1514.4127067854424,239703.5762834515,631.7856121573409
18,2020,880.5268108381908,146759.54911482823,599.9792287105253
19,2020,2679.432495047548,442616.6204253705,605.3619252870615
20,2020,2275.075505602533,451662.0227356305,503.7119330562344
23,2020,3518.4358761715457,584947.8774896881,601.4956223571512
25,2020,4653.9106617351745,844947.7222861558,550.7927341520248
27,2020,1253.692679329924,217428.20374600275,576.6007618746987
41,2020,2140.9012259511815,369589.26572172163,579.2649907649511
44,2020,2136.7292791761574,383400.6208064055,557.3098120399442
47,2020,2792.6235034179017,481815.70189986273,579.6040877053654
50,2020,1713.872982734577,326772.2346426393,524.4854981662937
52,2020,3013.214782810778,464335.85010324017,648.9300324626715
54,2020,3116.960185191942,483230.61588177923,645.0253942425071
63,2020,798.0006935385878,123138.99849518215,648.0487118545226
66,2020,1370.3464977229455,233904.50822201648,585.8572406916783
68,2020,3557.5828370269273,598947.2784347138,593.9726191467635
70,2020,1901.5514744460968,301416.77591886587,630.8711479808106
73,2020,2117.7735620262006,362973.57873658405,583.4511617615849
76,2020,6063.6104060952275,1264145.5942957683,479.66076324247683
81,2020,546.9495411674715,97475.3212631579,561.1159153719028
85,2020,718.7832362494821,142268.19911759064,505.2311343699358
86,2020,659.2153354098932,120685.15914496843,546.2273406940086
88,2020,83.69041073706376,16277.579005221214,514.1453204448839
91,2020,234.8383350054057,34193.45534561671,686.7932258724178
94,2020,111.73017868262151,24337.754901960783,459.08169891882636
95,2020,170.82449850182363,32966.182709553985,518.181009936333
97,2020,89.2516580326646,22896.77522123894,389.80012324999893
99,2020,291.16694657575886,49901.79709043535,583.479881592414
5,2021,12779.726910886626,1680593.1197792764,760.4295626632742
8,2021,5750.907275282115,800968.9620169294,717.9937735415723
11,2021,13038.193160360974,1734187.793418114,751.8328297457606
13,2021,4758.212602704471,693628.5683326361,685.9885564030899
15,2021,2454.5885023930673,344448.89848332247,712.6132535772686
17,2021,1932.7326006633357,237999.9126676762,812.0728192711763
18,2021,936.6226834986284,146060.78509211438,641.2554080877628
19,2021,3167.62254752617,439412.6302880346,720.8765358997068
20,2021,2772.781518973473,455795.83840510424,608.3384895912691
23,2021,4010.811636883941,584005.7503148551,686.7760522429087
25,2021,6181.272410499405,853570.7964611696,724.1663416937907
27,2021,1424.9351125565213,217624.09704365986,654.7689947545882
41,2021,2557.997325807844,370170.43711829785,691.0323108785609
44,2021,2495.0694775405013,389200.38158421504,641.0758045468717
47,2021,3523.193578126698,482715.606322882,729.8694162728357
50,2021,2168.59269747436,326052.84912478295,665.1046611908068
52,2021,3564.391456314083,460782.6809879289,773.5515251293612
54,2021,3515.506565552099,487888.8787873779,720.5547653165829
63,2021,981.8416715666888,122322.85641125216,802.6641139458968
66,2021,1719.908013493662,232276.97312230893,740.4556682370829
68,2021,4631.8581167611865,597419.9056203024,775.3103090784895
70,2021,2203.9449436276827,301058.6481844764,732.0649836563391
73,2021,2649.6144125172805,357478.59303446277,741.195267114035
76,2021,7758.322441498465,1255378.1471043976,618.0068100909264
81,2021,661.097182006178,98893.80917894737,668.4919789164245
85,2021,989.4379161056652,142523.84949713628,694.226208172651
86,2021,799.8362782939786,120406.24569471314,664.2813864672289
88,2021,108.18421059341962,16166.342126957956,669.1941179014055
91,2021,252.1399984500888,34446.89074052341,731.967364919443
94,2021,116.83921031904694,24562.843137254902,475.6746182278664
95,2021,209.34870694409585,33370.17589381801,627.3527224136651
97,2021,93.11739215502385,23040.63598820059,404.14419203840765
99,2021,308.82328210847055,50143.47996960156,615.8792375313565
